tweet,classe
'berlusconi li aiuta a non finire nelle fogne della storia ancora per un po   e improvvisamente   quasi buono  certamente migliore di tanti altri  l onest  intellettuale   merce rara  ma bisogna ammettere che nella nostra  sinistra    definitivamente estinta  loro seguiranno',n
'ieri sera sono riapparsi gli autori di questo striscione con un nuovo striscione delirante che nemmeno un laziale scriverebbe  casabau  stadiodellaroma  asroma non sono tifosi della  officialasroma sono fascisti usciti dalle fogne travestiti da romanisti  ',n
'lo scherzo fatto a  trump via  tiktok per  tulsa dimostra ancora una volta che non ci sono  fogne  ma strumenti per la politica che bisognerebbe saper usare',n
'grande virginia  i fascisti di capound tornano nelle fogne   orgoglio stelle  raggisindaca      ',n
'oggi in mare ci sono zero navi delle ong  eppure i  migranti partono dalla  libia  sapete perch   perch    finito il brutto tempo  semplicemente  invece i sovranisti delle teorie del  pullfactor sono spariti  dove  nelle fogne ',n
'buongiorno andrea e a tutti gli altri con cui condividiamo gli ideali  il    aprile si avvicina  vigiliamo perch  i maledetti fasci hanno gi  cominciato a mettersi di traverso     il loro posto   nelle fogne    ',n
' ibrahimovic  e  divertente che se dici la tua sul suo ritorno in serie a spunta dalle fogne la peggior feccia subnormale dei social  met  punti  met  neuroni il bello che io ibra l ho sempre stimato e dall ultimo viaggio in california sono tornato con la sua maglia  originale  ',n
'a tutti i leghisti e fascisti che mi stanno rompendo i coglioni  capisco che le piazze piene di sardine vi fanno paura  e ne avete ragione  tornerete da dove siete usciti  nelle fogne    tranquilli questa   certezza ',n
'per anni l ho sentiti dirci che rubavamo rigori  che avevamo il palazzo a favore  per anni l ho sentiti rompe er cazzo e mo  mo stanno zitti perch  sn la squadra pi  aiutata del campionato  godete ora perch  la merda sempre merda rimane e nelle fogne ce tornerete presto  merde ',n
'a quelli che si insinuano in questo hastag per denigrare dico solo che siete l italia peggiore quella che stiamo ricalcando nelle fogne insieme a questa grande donna  nessunotocchivirginia',n
'difendiamo la  costituzione rimandiamo nelle fogne i ratti e i loro capi  casapound  salvini  meloni',n
'rimandiamo presto sti ratti che si spacciano per interisti nelle fogne',n
'pensavo di aver scritto una bella cosa  poi hanno aperto le fogne  mi dispiace  ma mi vedo costretta a silenziare la conversazione  scusatemi se non rispondo pi  a nessuno ',n
'ma questo idiota del pd che parlando di salvini lo chiama  la bestia   ma vi sembra possibile   e questi sarebbero democratici  peggio dei topi nelle fogne',n
'stanotte i fascisti di  forzanuova sono usciti dalle fogne per andare ai giardini margherita di bologna da dove partir  nel pomeriggio il corteo del  pride  hanno attaccato due striscioni analfabeti  lo hanno fatto di notte  come fanno i ladri  coraggiosi  vero ',n
'a dispetto delle piazze vuote e dei social sdegnati i fasci veri  quelli nell ombra  usciranno dalle loro fogne per votare e poi ritirarsi di nuovo  bastonare e nascondere la mano  per poter dire un domani  io  noooo  ma figuriamoci   com   proprio del fascio vigliacco e infame ',n
'fossi in voi  rikiuderei le fogne    stanno krescendo e si stare pure moltiplikando    aprile',n
'roma  oli esausti nelle fogne sotto gli occhi dell ama  video inchioda i commercianti ai parioli     leggoit  romafaschifo  solosuleggo  virginiaraggi',n
'quando a sinistra ancora si gridava  fascisti carogne tornate nelle fogne  e il  msi era fuori dall arco costituzionale  qualcuno diede dignit  alla destra italiana  oggi  giorgiameloni pensa di poter uccidere  berlusconi e impadronirsi delle sue spoglie  ingrata e smemorata',n
'sto bloccando un bel po  di  fascisti  coglioni che insultano questi ragazzi perch  usano  bellaciao  mi vergogno di essere  italiano come loro  per   almeno  non sto nelle fogne   cialtroni  italia  ',n
'da decenni  ogni volta che sono a pa e piove  assessori e pubbl  funzion  mi dan del  coglione  perche ripeto che le foglie van raccolte e non van fatte entrar nelle fogne  come prassi ripresa anche in video  presente testim  l ultima volta m han detto che con allag  arrivan sold ',n
'pi  della  santanche  che polemizza su chi nel governo mangia da  mcdonalds  mi preoccupano quelli che le danno ragione  poi penso che deve essere un problema di mancanza di ossigeno al cervello  perch  l  gi   nelle fogne  da dove ogni tanto escono  ce n   davvero poco ',n
' eh ma se non ce fosse stato il covid             ma dai su tornate nelle fogne  laziomerda',n
'nonostante la pioggia la  firenze  antifascita non si   fermata un abbraccio ad anna picchiata una settimana fa da   fascisti infami toccano uno toccano tutti fascisti carogne tornate nelle fogne ',n
'altro che dalle curve alle piazze  il posto giusto   sempre nelle fogne   circomassimo  antifascistisempre',n
'un sottobosco fatto di ratti fascisti usciti dalle fogne  che tanto sottobosco poi non     report  fiore  stragedibologna  forzanuova',n
' facciamorete      sardine non ci sono dubbi   iostoconpapafrancesco contro il nero che esce maleodorante dalle fogne dove hanno sede la figlia del  cazzaronero e il  capitano di  legaladrona  non ricadremo nella trappola  ora   sempre resistenza',n
'i veri criminali sono quelli che sputtanano l italia nel mondo  quelli che hanno gli amministratori locali in galera o inquisiti  quelli che in un momento di crisi sciacallaggiano sulle persone indifese  e vorrebbero governare il paese  carogne  tornate nelle fogne ',n
'il calcio come la vita e fatto di sogni  che la spal espugnasse quella fogna che la lazio affondasse in quell altra fogna chiamata san paolo che rocchi fosse romanista pe na sera e fa festa nella regina delle fogne e svejamme domenica che hovinto pure r derby   as roma ti amo',n
'sempre fascisti carogne tornate nelle fogne    ',n
'la domanda assillante che mi pongo    perch  hanno dovuto aspettare che esondassero le fogne di twitter per espellerlo  e soprattutto  perch  cazzo lo hanno assunto uno cos  i luiss    santo cielo  persino alla naia uno cos  non avrebbe passato i test psicologici',n
'non ti crede pi  nessuno cazzaro padano  per  due bei consigli te li do volentieri  e poi ritirati nelle fogne ',n
'  bastato che si sbiancasse la faccia dell assassino e sono tornati nelle loro fogne  r i p  ',n
'io mi rifiuto di credere che siamo diventati un paese di gente cos  di merda  proprio la melma che si deposita nelle fogne  ',n
'ma casapound  quando li sfrattato quei ratti e li rimandano nelle fogne ',n
'ma tu guarda la madonna se mi devo mettere a segnalare i fascioleghisti pure su linkedin oh   proprio lammerda che trabocca dalle fogne ',n
'hanno fatto uscire i ratti neri dalle fogne  e queste sono le conseguenze  la foto in bianco e nero rende bene la tragicit  del momento e rimanda a ben altri periodi   facciamorete  ',n
'se avessimo tutti l    del coraggio di questo ragazzo di  torremaura  i ratti tornerebbero nelle fogne in una settimana    ',n
'se ne stavano nascosti da bravi vigliacchetti italici  ora si sentono forti e in maggioranza ma appena perdono le elezioni se ne ritornano nelle fogne  faranno come i fasci a fine regime  rinnegheranno anche le madri ',n
'fascisti  siete fasciti m fasci chiudiamo le fogne  resistenza  facciamorete',n
'purch  non portatori di alito tipo fogne di calcutta      ',n
'solidariet  a  giuliasarti  quelli de  leiene dimostrano sempre di pi  quale livello infimo stanno raggiungendo  fogne e spazzatura ',n
'il governo decida   servizio pubblico e una rete sola    che ci sta a fare un governo in italia  mediaset politica  la  politica  la rai occupata   la gente potrebbe spegnere la tv x farli fallire se non abbiamo un governo decisionale   spegnete quelle fogne   ',n
'le fasciste come la  santanche solo in un posto devono tornare  nelle fogne   ottoemezzo',n
'il signore delle fogne  foto u p  england       ',n
'   salvini ha fatto uscire i fascisti dalle fogne   renzi distrugge la  costituzione antifascista   ',n
'arbitraggio degno del periodo delle sim svizzere  la puzza di piscio   moet paragonato a ste fogne ambulanti',n
'ma forse vi pensate che co tutto sto schifo che sta uscendo dalle fogne politiche non ci sta qualcuno che dice sj vabbe ma ora si va sobravi',n
'torna nelle fogne  laziale demmerda   romainter ',n
'il corteo non arretra  con determinazione urla  fascisti carogne tornate nelle fogne  via fn da  bologna ',n
'il fuan e  mauriziomarron escono dalle fogne e in assetto elettorale si contraddicono sulle loro scelte su  edisu  si torino  alterpolis',n
'gli zurighesi  ho deciso che si chiamano cos   devono smetterla di mangiare aglio perch  signori le zaffate che manco le fogne di calcutta ',n
'i miei timpani si sono lanciati nelle fogne  mtvawards    ',n
'istruttivo leggere  twitter di notte  i fasci x dire  escono dalle fogne  sproloquiano contro gli  immigrati  gli  sbarchi i  negri  la  ue ',n
'ritornare in italia dopo una settimana a cuba   allettante come tuffarsi nelle fogne di calcutta ',n
'adesso la loro cacca o pip    nelle nostre fogne ahahahahahhahahahahahahaahha  onedthanksforbeingherebyitaly  welcometoitalyonedirection',n
'su facebook nei link ci sono sempre le ragazze con i capelli arcobaleno  nella realt  mai viste  vivono nelle fogne ',n
'poi eleanor   una figa in pigiama e io sembro una rintanata appena tornata dalle fogne ',n
'chissa  perch  in ogni telefilm prima o poi bisona entrare nelle fogne   ',n
'  morwen gi  la mia autostima   bassa  ora   andata a finire nelle fogne  sei bellissima ',n
' sanremonews sanremo bandiera blu  per gli stabilimenti  un riscatto  il problema fogne non deve penalizzare   ',n
' sanremonews sanremo  allarme fogne  l assessore fera bacchetta i giornali e afferma  non   cambiato niente rispetto     ',n
'mi tocca guardare il servizio sulle fogne di  cosmo su  rai  grazie mamma  arrivi a casa tardi e ti appropri della tv    ',n
'con  mattiacalise parliamo della campagna  wwf sulla tutela delle coste  a paola    m dalla costa le fogne  radiobici',n
'la fortuna di risalire dalle fogne    piazza mercanti  ',n
' heycricca ahahha ok  visto che ho anche il tuo permesso seriamente vengo e le tappo quelle fogne che hanno al posto delle bocche ',n
' gcazzaniga e chiesa i    milioni li butto  nella tazza del cesso e lo sciacquone avvio  la tangente in fogne diverse da quelle partitiche ',n
'super prova di  efsavoia  ilprincipiante al  comune jesolo    le fogne jesolane ringraziano',n
'le fogne sono fatte per essere chiuse  allora perch  parli      sonogentile',n
'ma per trovare i testimonial delle compagnie telefoniche cosa fanno  dragano il fondo delle fogne del mondo ',n
'invece di spendere i soldi in inutili fuochi d artificio usateli nel ristrutturare fogne e strade',n
'piove  piove  piove    e alle nostre fogne non si   fatta manutenzione    ',n
'vedo acqua alta    cm su via latina alta verso incrocio con via appia nuova   roma  fogne ko  ci vuole il trattore',n
'mi chiamo giulietta e sono fatta della stessa materia di cui sono fatte le fogne   cit ',n
'svegliarsi con chi spurga le fogne giornata iniziata di m   a      buongiorno ps  me felice  tgif',n
'venosa  viabilit  impercorribile  fogne incomplete  illuminazione scarsa   ',n
'come sempre se serve svuotiamo cantine  spurghiamo fogne  arrotiamo coltelli e ripariamo le vostre cucine a gasssss   ',n
'buon natale dalle fogne di londra  e anche un utile consiglio per noi   ',n
'ale  c   un cantiere bellissimo su via casana  stanno cambiando le condotte delle fognature  devo ammettere che mi attira in maniera inquietante  magari piacer  anche a lui ',n
'orlando pensa aim granti africani e non si cura della pulizia e smaltimento delle acque tra fiumi coperti e fognature   a palermo si e allagata x colpa della sinistra incompetente a gestire una citt  cos  grande    ',n
'    mila euro per un  festino  covid edition  che prevede la visione di un film  delle messe alla santuzza  e un fuoco d artificio  che da solo ne costa  mila   e poi facciamo morire la gente affogata perch  soldi per sistemare fognature e strade non ne spendono ',n
'guardate qst video di come   stata gestita a wuhan  spruzzano il disinfettante oltre che nell  aria  anche sulle strade e verso le fognature  segno che i topi sono portatori del virus  a bergamo e nelle maggiori zone rosse  si deve cominciare subito  ',n
'il presidente spagnolo ha montato una ridicola rappresentazione con il dispositivo di sicurezza per giustificare l idea del conflitto in  catalogna  tiratori sui tetti  ispezione fognature  scorta che corre a fianco dell auto presidenziale  ha visto troppa tele americana    ',n
'manco le fognature si vedono dallo spazio  ma esistono e sono fondamentali  e qualcuno le deve costruire ',n
'beh allora passiamo alle elezioni vere  se la fa sotto  sii uomo ed affronti il plotone di esecuzione  andiamo su al massimo sparite nelle fognature ',n
'tornato a bologna  dopo tre giornate di negoziazioni cosmiche   cotolette panate e congiunture astrali  domani decidiamo come progettare le nuove fognature della casa in campagna  giusto per stare nel concreto ',n
'il popolo romano dovrebbe vigilare di pi       cassonetti bruciati  scale mobili che si guastano insieme  asili nido incendiati    assalti a romagiardini  rubata una escavatrice  fognature rotte appena ultimate  insomma cari romani   ora che vi svegliate  via l omert  ',n
'di sicuro si occupano di spurgo fognature ',n
'virginia raggi quelli di via stilicone che hanno fatto saltare le fognature appena ultimate  sono quei papponi che hai messo a dieta stretta  sono quelli che erano abituati a rubare con le vecchie giunte e che oggi non magnano pi   avanti cos  virginia che l italia vince ',n
' nonabbiamopaura  atestaalta ancora un episodio di intimidazione al quale rispondiamo con forza e determinazione  questa notte hanno rotto i tubi delle fognature appena realizzate all interno di un cantiere in via stilicone  nella periferia est di roma   ',n
'il vero amore di  salvini sono le fognature   elisaisoardi non aveva speranze ',n
'fognature e depurazione governo naz  commissaria gov reg  crocetta soddisfatto  masochismo esemplare   forza italia  gibiino v  gasparripdl',n
'mio babbo mi ha appena informata che      m di acqua   entrata nel peccato veniale  per colpa delle fognature mai messe a posto dal comune ',n
'   noemi capone  raga oddio ma ci pensate che cagheranno nelle nostre fognature                     dinrome  ma scherzate     ',n
' mestruabile non lo dire a me alcune persone hanno le fognature al posto della bocca',n
'aver distrutto scuole  ospedali  centrale elettrica  fognature e abitazioni  hai costruito la tua colpa non il tuo stato',n
' giornaleladige  mln di lavori per rinnovo fognature in zona piox  via segantini  via antonio da  trento e alla vela',n
' alemanno ti do  un consiglio  manda i parenti assunti all ama a pulire le fognature  finalmente utili  che lunedi  piove forte   aledanno',n
'va bene che il rovescio di pioggia   abbondante  ma la manutenzione delle fognature  in questi casi fa la differenza',n
'anche da vinci ai suoi tempi era considerato pazzo  ma pensa te  disegnava carri armati aeroplani  sommergibili  astronavi  fognature  mulini a vento ',n
'assolutamente si  solo a  sinistra  il che comprende anche m s  tengono aperti i bocchettoni delle fognature  magari stai scoprendo da quale lato pendi  prova a fare un percorso di introspezione  se a un certo punto senti tanfo demmerda  allora sei di sinistra ',n
'probabilmente hitler ha iniziato la statale del brennero e forse bokassa ha costruito fognature  perch  negare   omg',n
'le realt  che gestiscono l   acqua nella nostra regione investono troppo poco nella rete idrica  nelle fognature e nella depurazione     giannarellim s  m s',n
' la straordinaria grandezza dell impero romano si manifesta prima di tutto in tre cose  gli acquedotti  le strade lastricate e la costruzione delle fognature  abbiamo rotto tutti  bravi     ',n
'io  fuggita dalla bosnia  ora aiuto i rifugiati con medicine senza frontiere  anja borojevic  scappata dalla guerra con la famiglia da piccola  ha studiato ingegneria e oggi lavora con msf per costruire pozzi e fognature nel terzo mondo ',n
' sanremonews imperia  riparazione delle fognature e messa in sicurezza di mercato coperto e teatro cavour  al via   ',n
' sanremonews sanremo  manutenzione ordinaria delle fognature affidata alla ditta  silvano  per    mila euro  ',n
'   zaynsphrases     sickofharry  raga oddio ma ci pensate che cagheranno nelle nostre fognature      quanto rido  ma niall la loro merda',n
'devono sempre pulire le fognature porca di una vacca  sto per morire',n
' sanremonews sanremo  aggiudicati alla ditta silvano i lavori per le fognature cittadine in via fratti e strada     ',n
' godhandtano  solebacone  imobazz  renato    ferrovie dello stato e fognature generali ',n
'visti i miei ripetuti problemi di fognature e pozzetti ho deciso di fidanzarmi col tizio dello  spurgo  che   anche un gran bel figliolo   ',n
'sul terrazzo a studiare fognature    sono nella merda in tutti i sensi ',n
' sanremonews diano marina  stamattina guasto alle fognature e riparazione in tempi record  ',n
' cosmo  cosmo raitre si   capito che avere fognature ben funzionanti serve anche per questioni sanitarie',n
'praticamente in inghilterra le fognature odierne le hanno costruite nell     perch  in parlamento c era puzza di merda  cosmo',n
'nuova segnalazione per  buche sulla strada a  caserta  rottura fognature   ',n
'fognature e dintorni    comune di forl   ',n
'e  piacevole studiate le fognature la domenica pomeriggio   davveropiacevole',n
'filo sigillaraccordi   sigillatura istantanea alla massima pressione  consente il riposizionamento  loctite       formulato per il bloccaggio e la sigillatura di raccordi e tubazioni in metallo e plastica  non deve    ',n
'appena consegnata la regina delle rendonneur commuter  cinelli gazzetta della strada  telaio in tubazioni di acciaio columbus e sella regal fanno un tocco di classe a questa  tuttofare    cinelli  gazzettadellstrada    ',n
'bisogna fare qualcosa  se continuano a perdere cos  le tubazioni del bagno allagherai anche i vicini di sotto ',n
'la manutenzione dell impianto a gas del vostro camper   importante pu  salvarvi la vita  se non si controlla bene l impianto e le tubazioni questo   quello che pu  succedere     tubi corrosi e perdite di gas    ',n
'ragazzi  da nord a sud il problema   lo stesso ok le pioggie eccezioinali ma lavori da parte dei comuni regioni e soprattutto dello  stato o del  governo dove sono  canali di scolo acque piovane e pulizia tombini cm tubazioni adeguate dove sono darebbe lavoro a molte persone',n
'campagne adv realizzate da  publitrust dal    a oggi   vol   tubazioni flessibili parigi ',n
'ti consolo stanno facendo una strada interna nel mio residence finiti i lavori e pronti ad asfaltarla si rendono conto che non hanno piazzato le tubazioni per i cavi di elettrificazione dei citofoni e cancelli stanno ri scavando ',n
'oggi dopo un po  di tempo ho ripreso la mia aracnide a  rd titanio realizzata con tubazioni proprietarie e parti ricavate da pieno in   diverse leghe  treddesign tredfactoryracing  tredbikesbeersviareggio  tredroma    ',n
'a causa del brusco calo delle temperature  su alcune strade del comune di capranica prenestina si sono verificate rotture alle tubazioni dell acqua  una nostra squadra su richiesta    ',n
'oggi finalmente ho provato la nuova manaia special edition manaia in alscazir  alluminio scandio zirconio lega e tubazioni proprietarie  progettata da  romolostanco  ericamarson    ',n
' sanremonews diano marina  guasto alle tubazioni in via torino  operai al lavoro per la riparazione  calo della   ',n
'trapani    agosto      ore       men at works  tubazioni rotte sotto  u coppo  a loggia   speriamo   ',n
'strumenti di cantina  tubazioni di gomma ad alta pressione per travasi filtrazioni  niades che ha     bar di co  ',n
' sanremonews ancora lavori alle tubazioni di diano marina  niente acqua dai rubinetti da stasera a domattina  ',n
' briatoreflavio avranno bisogno allora di guarnizioni x le tubazioni       sealssystem le produce e le puo  esportare come fatto x eritrea',n
'disegno del mio telaio su misura  vetta  tubazioni  columbus zona  in arrivo a settembre  lamianuovafissa by  ziobici',n
'tubazioni e scavi di  expo      siamo in prossimit  dell area dove sorger  lake arena',n
'tubazioni corrugate formabili csst in acciaio inox  a breve sul nostro sito     termoclima antonelli termoidraulica   ',n
'artis srls tubazioni ed apparecchiature per impianti civili ed industriali  contattateci                nocera superiore   ',n
'l idea di fare stand modello camere mi pare buona i padiglioni hanno linee elettriche ed idriche c   da passare solo le tubazioni del ossigeno chi ha lavorato all allestimento di mostre e fiere sa che ci vuole poco tempo    giorni se hanno i materiali mi sembrano pure troppi',n
'nissan    zx     twinturbo    cv vettura in fase di sviluppo con motore stock  cams  turbine originali leggermente maggiorate  intercooler  componentistica di contorno adeguata  radiatori tubazioni etc         ',n
'predisposizione delle tubazioni per l impianto centralizzato di ventilazione meccanica e condizionamento in un abitazione nella periferia di vicenza           vicenza  picoftheday  igers  igersveneto  igersvicenza    ',n
'disponibili tubazioni in rame di alta qualit  per condizionamento con barriera protettiva anti uv vieni a trovarci a trani e a molfetta  climatizzazione  termoidraulicashop  rame',n
'predisposizione impianto di condizionamento residenziale tipo split a parete marca  daikin modello  stylish con passaggio di tubazioni in rame scarico condensa in pvc rigido corrugato    ',n
'manaia special edition manaia in alscazir  alluminio scandio zirconio lega e tubazioni proprietarie  progettata da  romolostanco  ericamarson disegnata da  raemartini novit  della    ',n
'oggi ho pedalato con la mia nuova bicicletta aracnide a  rd titanio realizzata con tubazioni proprietarie e parti ricavate da pieno in   diverse leghe  treddesign tredfactoryracing    ',n
'oggi ho terminato le riprese testando il nuovo intercooler e tubazioni   a breve il video    ',n
'l acqua   un grande alleato contro gli incendi ma ogni tanto da dei problemi alle tubazioni      ',n
'tubazioni messe a dura prova  il video delle perdite d acqua     corato',n
'alle    chiudiamo l acqua  rifacciamo tutte le tubazioni di distribuzione  alle   apriamo l acqua   noexcuses     ',n
' appleup  hanno raccordato le tubazioni dei dns  e ades podis scjam  cagadis a pettinton ',n
'sto malissimo e mi tocca uscire per andare al compleanno di mia zia  la gola   in fiamme e le tubazioni del naso colano',n
'gran sasso acqua stefano pacitti parla del risanamento delle tubazioni in cemento con tecniche no dig ',n
'brownie che fa i rumori che fanno le tubazioni o le vibrazioni nei muri  graffiando la sua gabbia e rosicchiando roba random ',n
' sanremonews diano marina  causa lavori sulle tubazioni dell acquedotto  niente acqua da stasera a domattina  ',n
' direttaeurosport per marco i colpetti di sinistro sul freno aiutano anche per smaltire accumuli d aria dalle tubazioni ',n
'coibentazione tubazioni calde tramite coppella in fibra di roccia e finitura in alluminio ',n
'coibentazione tubazioni refrigerate ',n
' reparto dermatologia inrca ricerca tubazioni ossigeno occulte  ',n
' ricerca cavi elettrici occulti e tubazioni d ossigeno all interno di muratura  ',n
' individuaazione tubazioni ossigeno occulte e cavi elettricit  presso amb piede diabetico inrca per potenziamento rei  ',n
' giuliano abate modera la portata delle tubazioni  hai perdite oltre le disastrose medie italiane  elisakitty  senza panna  tirebouchon',n
