@LauraMilazzoo Sono tornato! :D Qui tutto ok, ma mi hanno raccontato che ci sono stati dei problemi perché era allagato tutto! Tu come stai?;NonStructural;allagato
Effects of flooding in Pisa!. Shot this morning with my trusty old #iphone7 and #lightroom. #volgopisa #shotz_of_toscana #shotz_of_italia #volgotoscana #volgoitalia #pisa #allertameteo #ig_pisa #igerspisa #ig_pisa… https://www.instagram.com/p/B5FRe2LKRk_/?igshid=1cfgzaiw6i3gf …;NonStructural;allerta meteo
Nuova allerta meteo a Carrara per domani a partire dalle 8:00 via @qn_lanazione http://www.lanazione.it/massa-carrara/carrara-alluvione-carrione-maltempo-1.408710 …;NonStructural;allerta meteo
Arcireale allerta meteo... State attente @MarroneEmma @FRANCY_Savini @AlessandraNask;NonStructural;allerta meteo
Allerta meteo?! Io vado comunque a Pisa a fare shopping;NonStructural;allerta meteo
@agne0608 allerta meteo prolungata fino alle 18 di domani. @PisaToday;NonStructural;allerta meteo
è giunta l'allerta meteo @ Piazza Santa Caterina http://instagram.com/p/uGL081pQbM/ ;NonStructural;allerta meteo
#Pisa, l'allerta meteo lanciata ieri non è ancora confermata pic.twitter.com/SJMrlOcplF;NonStructural;allerta meteo
Salutiamo l'inizio di una nuova settimana e quindi di una nuova allerta meteo.;NonStructural;allerta meteo
@marioadinolfi ciò che Italia si chiama 'allerta meteo' nel resto d'Europa si chiama 'inverno';NonStructural;allerta meteo
@colvieux @soulista dico anche che l allerta meteo c era da giorni... xche girare in auto e proprio in un sottopasso??;NonStructural;allerta meteo
Allerta meteo non ti temo... #pisa #fuori #piove #sotto le #coperte #letto #calduccio #pc #tv #meteo… http://instagram.com/p/fr4lZ4l4TH/ ;NonStructural;allerta meteo
@giuliainnocenzi anke a #Pisa è successa la stessa cosa 2 giorni fa, x allerta meteo hanno chiuso le scuole e poi neanke un fiocco di #neve;NonStructural;allerta meteo
Stormy river #alluvione#ngulchepaur#pornpicture #boiadeh#shta#psciakk @ Pisa Lungarno https://www.instagram.com/p/BMgd-RdgZgs/ ;NonStructural;alluvione
@ultimenotizie @rossipresidente non era meglio fare prevenzione?? #alluvione #MassaCarrara;NonStructural;alluvione
Un’alluvione di libri http://www.lastampa.it/2014/10/18/cultura/opinioni/buongiorno/unalluvione-di-libri-1tDWTLpiVmuxxaRdOMi7lO/pagina.html … via @la_stampa;NonStructural;alluvione
Storia di una alluvione mancata. Almost flood. @ Pisa http://instagram.com/p/j6yw7Ujx6o/ ;NonStructural;alluvione
@iltirreno Spalando il fango a Romagnano. #ALLUVIONE #maltempo #Massa #volontariato #angelidelfangopic.twitter.com/TmVnNia0;NonStructural;alluvione
@qn_lanazione palando il fango a Romagnano. #ALLUVIONE #maltempo #Massa #volontariato #angelidelfangopic.twitter.com/EazD2QDV;NonStructural;alluvione
@Corriereit palando il fango a Romagnano. #ALLUVIONE #maltempo #Massa #volontariato #angelidelfangopic.twitter.com/saHqdImz;NonStructural;alluvione
#Noleggio_elettrico_lungo_termine per veicoli familiari, professionali e pubblici. - #Tasse_assicurazioni_incluse noleggio. - #Scatole_grigie_interattive: Monitoraggio in tempo reale #Corretto_Funzionamento #Corretto_Utilizzo_Legale. - #Buona_condotta_noleggiatore Riduzioni noli.pic.twitter.com/jutCXlQ4TC – presso CNR Area della Ricerca di Pisa;NonStructural;condotta
@anonimoconiglio mi limito al codice di condotta per gli sviluppatori volontari, il resto non mi interessa ;-);NonStructural;condotta
Il codice di condotta #ubuntu dovrebbe essere applicato a tutte le attivita' umane #equoedigitale;NonStructural;condotta
#Noleggio_elettrico_lungo_termine per veicoli familiari, professionali e pubblici. - #Tasse_assicurazioni_incluse noleggio. - #Scatole_grigie_interattive: Monitoraggio in tempo reale #Corretto_Funzionamento #Corretto_Utilizzo_Legale. - #Buona_condotta_noleggiatore Riduzioni noli.pic.twitter.com/6bDJxnQ1IV – presso CNR Area della Ricerca di Pisa;NonStructural;condotta
